ambiente,run,reacao_s,reacao_polling_s,replicas_max,cpu_pico_pct,t_regime_s,partida_gerador_s,scaledown_s,lat_leitura_ms,lat_escrita_ms,lat_etcd_ms,amostras
minikube,1,30.0,31,6,165.0,205,3,449.0,108.0,440.0,332.0,346
minikube,2,31.0,33,6,162.0,223,3,461.0,110.0,1135.0,1025.0,353
minikube,3,19.0,20,6,169.0,210,2,449.0,104.0,195.0,91.0,347
minikube,4,32.0,32,6,172.0,209,2,,107.0,920.0,813.0,126
minikube,5,35.0,36,6,130.0,167,1,,104.0,769.0,665.0,126
minikube,6,29.0,29,6,170.0,218,3,,107.0,752.0,645.0,127
minikube,7,32.0,34,6,162.0,218,2,,108.0,225.0,117.0,126
minikube,8,34.0,36,6,131.0,163,4,,106.0,573.0,467.0,126
minikube,9,41.0,41,6,156.0,190,1,,106.0,114.0,8.0,104
minikube,10,62.0,68,7,201.0,222,2,,109.0,2534.0,2425.0,66
minikube,11,43.0,45,6,165.0,199,1,,115.0,133.0,18.0,67
minikube,12,76.0,84,5,250.0,155,1,,112.0,127.0,15.0,83
minikube,13,73.0,82,6,214.0,192,3,,112.0,174.0,62.0,68
minikube,14,87.0,89,6,250.0,186,3,,114.0,149.0,35.0,58
minikube,15,27.0,32,6,250.0,213,2,,115.0,143.0,28.0,90
minikube,16,33.0,33,6,172.0,221,3,,111.0,133.0,22.0,128
minikube,17,35.0,36,6,142.0,165,2,,106.0,190.0,84.0,127
minikube,18,33.0,34,6,161.0,225,4,,108.0,180.0,72.0,128
minikube,19,28.0,29,7,171.0,204,4,,107.0,209.0,102.0,127
minikube,20,35.0,37,6,137.0,167,2,,107.0,200.0,93.0,126
eks,1,36.0,37,7,250.0,84,2,401.0,510.0,517.0,7.0,323
eks,2,36.0,38,7,250.0,101,1,382.0,511.0,517.0,6.0,271
eks,3,21.0,22,6,224.0,83,1,383.0,510.0,526.0,16.0,306
eks,4,15.0,18,7,182.0,49,2,,643.0,641.0,-2.0,121
eks,5,21.0,22,6,249.0,82,2,,652.0,645.0,-7.0,114
eks,6,15.0,17,7,176.0,47,2,,636.0,644.0,8.0,117
eks,7,22.0,24,6,232.0,69,2,,621.0,683.0,62.0,120
eks,8,23.0,24,6,225.0,70,2,,634.0,639.0,5.0,122
eks,9,26.0,27,6,250.0,75,2,,520.0,528.0,8.0,124
eks,10,24.0,25,6,250.0,55,2,,518.0,528.0,10.0,124
eks,11,24.0,26,6,232.0,57,2,,518.0,523.0,5.0,125
eks,12,27.0,28,7,237.0,241,1,,524.0,520.0,-4.0,125
eks,13,29.0,30,7,251.0,62,1,,513.0,519.0,6.0,124
eks,14,25.0,26,7,250.0,58,1,,522.0,524.0,2.0,124
eks,15,14.0,15,6,238.0,47,2,,514.0,533.0,19.0,124
eks,16,28.0,29,7,251.0,167,2,,519.0,527.0,8.0,124
eks,17,27.0,27,7,241.0,119,2,,520.0,524.0,4.0,125
eks,18,30.0,31,7,239.0,63,2,,519.0,525.0,6.0,125
eks,19,24.0,25,8,247.0,72,2,,517.0,520.0,3.0,125
eks,20,27.0,29,7,250.0,59,2,,527.0,522.0,-5.0,125
