t_iso,t_epoch,hpa_current,hpa_desired,cpu_pct,hpa_last_scale_time,deploy_replicas,deploy_ready,deploy_available
2026-09-24T03:41:31Z,1790221291,1,1,0,2026-09-24T03:39:30Z,1,1,1
2026-09-24T03:41:34Z,1790221294,1,1,0,2026-09-24T03:39:30Z,1,1,1
2026-09-24T03:41:35Z,1790221295,1,1,0,2026-09-24T03:39:30Z,1,1,1
2026-09-24T03:41:38Z,1790221298,1,1,0,2026-09-24T03:39:30Z,1,1,1
2026-09-24T03:41:39Z,1790221299,1,1,0,2026-09-24T03:39:30Z,1,1,1
2026-09-24T03:41:46Z,1790221306,1,1,0,2026-09-24T03:39:30Z,1,1,1
2026-09-24T03:41:49Z,1790221309,1,1,0,2026-09-24T03:39:30Z,1,1,1
2026-09-24T03:41:53Z,1790221313,1,1,0,2026-09-24T03:39:30Z,1,1,1
2026-09-24T03:41:56Z,1790221316,1,1,0,2026-09-24T03:39:30Z,1,1,1
2026-09-24T03:41:59Z,1790221319,1,1,0,2026-09-24T03:39:30Z,1,1,1
2026-09-24T03:42:06Z,1790221326,1,1,0,2026-09-24T03:39:30Z,1,1,1
2026-09-24T03:42:18Z,1790221338,1,1,0,2026-09-24T03:39:30Z,1,1,1
2026-09-24T03:42:19Z,1790221339,1,2,119,2026-09-24T03:42:17Z,1,1,1
2026-09-24T03:42:20Z,1790221340,1,2,119,2026-09-24T03:42:17Z,2,1,1
2026-09-24T03:42:22Z,1790221342,1,2,119,2026-09-24T03:42:17Z,2,1,1
2026-09-24T03:42:24Z,1790221344,1,2,119,2026-09-24T03:42:17Z,2,2,2
2026-09-24T03:42:27Z,1790221347,1,2,119,2026-09-24T03:42:17Z,2,2,2
2026-09-24T03:42:42Z,1790221362,1,2,119,2026-09-24T03:42:17Z,2,2,2
2026-09-24T03:42:45Z,1790221365,1,2,119,2026-09-24T03:42:17Z,2,2,2
2026-09-24T03:42:45Z,1790221365,3,3,119,2026-09-24T03:42:42Z,3,2,2
2026-09-24T03:42:48Z,1790221368,3,3,119,2026-09-24T03:42:42Z,3,2,2
2026-09-24T03:42:49Z,1790221369,3,3,119,2026-09-24T03:42:42Z,3,3,3
2026-09-24T03:42:52Z,1790221372,3,3,119,2026-09-24T03:42:42Z,3,3,3
2026-09-24T03:42:53Z,1790221373,3,3,119,2026-09-24T03:42:42Z,3,3,3
2026-09-24T03:42:58Z,1790221378,3,3,119,2026-09-24T03:42:42Z,3,3,3
2026-09-24T03:43:11Z,1790221391,3,3,119,2026-09-24T03:42:42Z,3,3,3
2026-09-24T03:43:20Z,1790221400,3,3,165,2026-09-24T03:42:42Z,3,3,3
2026-09-24T03:43:23Z,1790221403,3,3,165,2026-09-24T03:42:42Z,3,3,3
2026-09-24T03:43:31Z,1790221411,3,3,165,2026-09-24T03:42:42Z,3,3,3
2026-09-24T03:43:32Z,1790221412,3,3,165,2026-09-24T03:42:42Z,3,3,3
2026-09-24T03:43:33Z,1790221413,3,3,165,2026-09-24T03:42:42Z,3,3,3
2026-09-24T03:43:36Z,1790221416,3,3,165,2026-09-24T03:42:42Z,3,3,3
2026-09-24T03:43:38Z,1790221418,3,3,165,2026-09-24T03:42:42Z,3,3,3
2026-09-24T03:43:40Z,1790221420,3,3,165,2026-09-24T03:42:42Z,3,3,3
2026-09-24T03:43:41Z,1790221421,3,3,165,2026-09-24T03:42:42Z,3,3,3
2026-09-24T03:43:44Z,1790221424,3,3,165,2026-09-24T03:42:42Z,3,3,3
2026-09-24T03:43:45Z,1790221425,3,3,165,2026-09-24T03:42:42Z,3,3,3
2026-09-24T03:43:57Z,1790221437,3,3,165,2026-09-24T03:42:42Z,3,3,3
2026-09-24T03:43:57Z,1790221437,3,3,165,2026-09-24T03:42:42Z,3,3,3
2026-09-24T03:44:00Z,1790221440,3,3,165,2026-09-24T03:42:42Z,3,3,3
2026-09-24T03:44:01Z,1790221441,3,3,165,2026-09-24T03:42:42Z,3,3,3
2026-09-24T03:44:04Z,1790221444,3,3,165,2026-09-24T03:42:42Z,3,3,3
2026-09-24T03:44:05Z,1790221445,3,3,165,2026-09-24T03:42:42Z,3,3,3
2026-09-24T03:44:20Z,1790221460,3,3,165,2026-09-24T03:42:42Z,3,3,3
2026-09-24T03:44:24Z,1790221464,3,3,165,2026-09-24T03:42:42Z,3,3,3
2026-09-24T03:44:29Z,1790221469,3,3,98,2026-09-24T03:42:42Z,3,3,3
2026-09-24T03:44:39Z,1790221479,3,3,98,2026-09-24T03:42:42Z,3,3,3
2026-09-24T03:44:47Z,1790221487,6,6,98,2026-09-24T03:42:42Z,3,3,3
2026-09-24T03:44:47Z,1790221487,6,6,98,2026-09-24T03:42:42Z,6,3,3
2026-09-24T03:44:49Z,1790221489,6,6,98,2026-09-24T03:42:42Z,6,3,3
2026-09-24T03:44:52Z,1790221492,6,6,98,2026-09-24T03:42:42Z,6,5,5
2026-09-24T03:44:53Z,1790221493,6,6,98,2026-09-24T03:42:42Z,6,6,6
2026-09-24T03:44:56Z,1790221496,6,6,98,2026-09-24T03:42:42Z,6,6,6
2026-09-24T03:45:04Z,1790221504,6,6,98,2026-09-24T03:42:42Z,6,6,6
2026-09-24T03:45:22Z,1790221522,6,6,98,2026-09-24T03:42:42Z,6,6,6
2026-09-24T03:45:29Z,1790221529,6,6,87,2026-09-24T03:42:42Z,6,6,6
2026-09-24T03:45:33Z,1790221533,6,6,87,2026-09-24T03:42:42Z,6,6,6
2026-09-24T03:45:34Z,1790221534,6,6,87,2026-09-24T03:42:42Z,6,6,6
2026-09-24T03:45:35Z,1790221535,6,6,87,2026-09-24T03:42:42Z,6,6,6
2026-09-24T03:45:38Z,1790221538,6,6,87,2026-09-24T03:42:42Z,6,6,6
2026-09-24T03:45:43Z,1790221543,6,6,87,2026-09-24T03:42:42Z,6,6,6
2026-09-24T03:45:54Z,1790221554,6,6,87,2026-09-24T03:42:42Z,6,6,6
2026-09-24T03:45:58Z,1790221558,6,6,87,2026-09-24T03:42:42Z,6,6,6
2026-09-24T03:46:04Z,1790221564,6,6,87,2026-09-24T03:42:42Z,6,6,6
2026-09-24T03:46:17Z,1790221577,6,6,87,2026-09-24T03:42:42Z,6,6,6
2026-09-24T03:46:19Z,1790221579,6,6,35,2026-09-24T03:42:42Z,6,6,6
2026-09-24T03:46:19Z,1790221579,6,6,35,2026-09-24T03:42:42Z,6,6,6
