run,ambiente,t_submit_epoch,t0_servidor_iso,t0_servidor_epoch,last_scale_time_pre,primeira_escala_iso,primeira_escala_epoch,reacao_s,t_stop_epoch,t_volta_min_epoch,scaledown_s,lat_leitura_ms,lat_escrita_ms,status
1,minikube,1790216443,2026-09-24T02:20:46Z,1790216446,2026-09-24T02:20:01Z,2026-09-24T02:21:16Z,1790216476,30,1790216687,1790217136,449,108,440,ok
2,minikube,1790217160,2026-09-24T02:32:43Z,1790217163,2026-09-24T02:31:58Z,2026-09-24T02:33:14Z,1790217194,31,1790217404,1790217865,461,110,1135,ok
3,minikube,1790217888,2026-09-24T02:44:50Z,1790217890,2026-09-24T02:44:08Z,2026-09-24T02:45:09Z,1790217909,19,1790218130,1790218579,449,104,195,ok
4,minikube,1790218602,2026-09-24T02:56:44Z,1790218604,2026-09-24T02:56:00Z,2026-09-24T02:57:16Z,1790218636,32,1790218846,,,107,920,ok
5,minikube,1790218953,2026-09-24T03:02:34Z,1790218954,2026-09-24T03:00:06Z,2026-09-24T03:03:09Z,1790218989,35,1790219196,,,104,769,ok
6,minikube,1790219323,2026-09-24T03:08:46Z,1790219326,2026-09-24T03:06:59Z,2026-09-24T03:09:15Z,1790219355,29,1790219568,,,107,752,ok
7,minikube,1790219682,2026-09-24T03:14:44Z,1790219684,2026-09-24T03:13:00Z,2026-09-24T03:15:16Z,1790219716,32,1790219925,,,108,225,ok
8,minikube,1790220027,2026-09-24T03:20:31Z,1790220031,2026-09-24T03:19:02Z,2026-09-24T03:21:05Z,1790220065,34,1790220274,,,106,573,ok
9,minikube,1790220385,2026-09-24T03:26:26Z,1790220386,2026-09-24T03:23:06Z,2026-09-24T03:27:07Z,1790220427,41,1790220626,,,106,114,ok
10,minikube,1790220918,2026-09-24T03:35:20Z,1790220920,2026-09-24T03:31:15Z,2026-09-24T03:36:22Z,1790220982,62,1790221161,,,109,2534,ok
11,minikube,1790221293,2026-09-24T03:41:34Z,1790221294,2026-09-24T03:39:30Z,2026-09-24T03:42:17Z,1790221337,43,1790221536,,,115,133,ok
12,minikube,1790221678,2026-09-24T03:47:59Z,1790221679,2026-09-24T03:46:38Z,2026-09-24T03:49:15Z,1790221755,76,1790221922,,,112,127,ok
13,minikube,1790222109,2026-09-24T03:55:12Z,1790222112,2026-09-24T03:52:07Z,2026-09-24T03:56:25Z,1790222185,73,1790222354,,,112,174,ok
14,minikube,1790222510,2026-09-24T04:01:53Z,1790222513,2026-09-24T03:58:16Z,2026-09-24T04:03:20Z,1790222600,87,1790222755,,,114,149,ok
15,minikube,1790222927,2026-09-24T04:08:49Z,1790222929,2026-09-24T04:07:01Z,2026-09-24T04:09:16Z,1790222956,27,1790223170,,,115,143,ok
16,minikube,1790223279,2026-09-24T04:14:42Z,1790223282,2026-09-24T04:12:15Z,2026-09-24T04:15:15Z,1790223315,33,1790223525,,,111,133,ok
17,minikube,1790223627,2026-09-24T04:20:29Z,1790223629,2026-09-24T04:18:17Z,2026-09-24T04:21:04Z,1790223664,35,1790223871,,,106,190,ok
18,minikube,1790223994,2026-09-24T04:26:38Z,1790223998,2026-09-24T04:23:06Z,2026-09-24T04:27:11Z,1790224031,33,1790224239,,,108,180,ok
19,minikube,1790224363,2026-09-24T04:32:47Z,1790224367,2026-09-24T04:31:01Z,2026-09-24T04:33:15Z,1790224395,28,1790224609,,,107,209,ok
20,minikube,1790224709,2026-09-24T04:38:31Z,1790224711,2026-09-24T04:36:04Z,2026-09-24T04:39:06Z,1790224746,35,1790224952,,,107,200,ok
