t,des_mediana,des_q1,des_q3,rdy_mediana,cpu_mediana,cpu_q1,cpu_q3,n
-5,1.00,1.00,1.00,1.00,0.00,0.00,0.00,12
0,1.00,1.00,1.00,1.00,0.00,0.00,0.00,48
5,1.00,1.00,1.00,1.00,0.00,0.00,0.00,50
10,1.00,1.00,1.00,1.00,0.00,0.00,0.00,47
15,1.00,1.00,1.00,1.00,0.00,0.00,0.00,51
20,1.00,1.00,1.00,1.00,0.00,0.00,41.00,50
25,1.50,1.00,2.00,1.00,51.50,0.00,147.00,52
30,2.00,2.00,2.00,2.00,169.00,67.00,224.75,46
35,2.00,2.00,2.00,2.00,179.00,141.00,232.00,50
40,2.00,2.00,4.00,2.00,186.00,172.50,232.00,47
45,4.00,4.00,4.00,4.00,238.00,224.00,249.00,53
50,4.00,4.00,4.00,4.00,238.00,224.25,250.00,46
55,4.00,4.00,4.00,4.00,234.50,116.75,250.00,50
60,6.00,4.00,7.00,5.00,141.00,112.75,164.00,48
65,6.00,4.00,7.00,6.00,147.00,112.00,162.00,47
70,6.00,5.00,7.00,6.00,128.00,69.00,159.50,47
75,6.00,6.00,7.00,6.00,73.00,68.00,83.00,51
80,6.00,6.00,7.00,6.00,72.00,68.00,77.00,45
85,6.00,6.00,7.00,6.00,71.00,57.50,78.00,55
90,6.00,6.00,7.00,6.00,54.00,51.00,71.00,47
95,6.00,6.00,7.00,6.00,53.00,45.00,71.00,47
100,6.00,6.00,7.00,6.00,52.00,44.75,55.75,48
105,6.00,6.00,7.00,6.00,52.00,44.00,53.75,54
110,6.00,6.00,7.00,6.00,52.00,42.00,53.00,46
115,6.00,6.00,7.00,6.00,49.00,42.00,52.00,51
120,6.00,6.00,7.00,6.00,47.00,42.00,50.00,49
125,6.00,6.00,7.00,6.00,47.00,42.75,50.00,44
130,6.00,6.00,7.00,6.00,47.00,42.00,49.00,50
135,6.50,6.00,7.00,6.50,46.00,42.75,48.25,48
140,7.00,6.00,7.00,7.00,46.00,43.00,49.00,50
145,6.50,6.00,7.00,6.50,45.50,42.25,48.00,50
150,6.50,6.00,7.00,6.50,44.00,41.00,50.00,50
155,6.00,6.00,7.00,6.00,44.00,43.00,50.00,51
160,6.00,6.00,7.00,6.00,46.00,43.00,50.00,49
165,7.00,6.00,7.00,7.00,46.00,43.00,49.00,51
170,7.00,6.00,7.00,7.00,48.00,42.00,49.00,47
175,7.00,6.00,7.00,7.00,44.00,42.00,49.00,50
180,7.00,6.00,7.00,7.00,44.00,42.00,52.00,49
185,7.00,6.00,7.00,7.00,44.00,42.00,49.75,50
190,7.00,6.00,7.00,7.00,44.00,43.00,49.00,51
195,7.00,6.00,7.00,7.00,43.00,41.50,47.00,47
200,7.00,6.00,7.00,7.00,44.00,41.75,46.25,52
205,7.00,6.00,7.00,7.00,44.50,41.75,48.25,48
210,7.00,6.00,7.00,7.00,46.00,42.00,50.00,47
215,7.00,6.00,7.00,7.00,46.00,42.00,50.00,53
220,7.00,6.00,7.00,7.00,46.00,42.00,50.00,49
225,7.00,6.00,7.00,7.00,46.00,42.00,50.00,49
230,7.00,6.00,7.00,7.00,45.00,42.00,50.00,45
235,7.00,6.00,7.00,7.00,44.00,42.00,50.00,49
240,7.00,6.00,7.00,7.00,45.00,42.00,50.00,48
245,7.00,6.00,7.00,7.00,44.00,40.00,48.50,38
250,7.00,6.25,7.00,7.00,43.00,41.50,47.50,6
255,7.00,6.00,7.00,7.00,43.00,42.50,49.00,8
260,7.00,6.25,7.00,7.00,43.00,41.50,47.50,6
265,6.00,6.00,7.00,6.00,19.00,19.00,40.00,5
270,7.00,6.00,7.00,7.00,40.00,19.00,40.00,5
275,6.50,6.00,7.00,6.50,29.50,19.00,40.00,6
280,6.50,6.00,7.00,6.50,6.00,3.00,9.00,4
285,6.50,6.00,7.00,6.50,6.00,3.00,9.00,6
290,6.50,6.00,7.00,6.50,6.00,3.00,9.00,4
295,6.50,6.00,7.00,6.50,0.00,0.00,0.00,6
300,7.00,6.50,7.00,7.00,0.00,0.00,0.00,3
